理财时代,0
富金利,0
小资钱包,1
恒丰银行,1
国有投资,0
资易贷（北京）金融信息服务有限公司,1
资易贷,1
平安银行,0
车主贷,1
平安银行车主贷,0
旺贷,0
旺旺贷,1
资金周转,0
小额贷,0
贷款1,0
信贷通,0
温州贷,0
成都易融时代投资咨询有限公司,0
易融贷,0
宜贷网,1
京东白条,1
交通银行,1
惠民贷,1
北京金领贷,0
宜贷网(沪),0
摩尔龙,1
资易贷金融信息服务有限公司,1
易贷金融,1
华澳余盆网,1
天津金城银行,0
余盆网,1
亿盛国际,0
国际微交易,0
微交易,0
猜涨跌,0
壹佰金,0
壹佰金融,1
i财富,1
深圳前海大福资本管理有限公司,1
宜信,0
坤吉国际,0
e租宝,1
福建中天盛宝融资租赁有限公司,1
山东谷丰汇扬融资租赁有限公司,1
金谷财行,1
国商金融,1
财管通,1
上海易贷网金融信息服务有限公司（宜贷网运营公司）,0
借钱网,0
微粒贷,1
拍拍贷,1
新浪微博借钱网,0
口贷网,1
中国幸福投资公司,1
利巨人,1
搜狐财经,0
金鼎小额贷款公司,1
金鼎小额贷款,0
花呗,0
蚂蚁花呗,0
分期乐,0
深圳南山,1
人人爱家金融,0
圣迪雅电子商务有限公司,0
江苏圣迪雅日用品有限公司,1
现金卡,0
返利,0
江苏圣迪雅电子商务有限公司,1
ppmoney,1
paypal,1
借呗,0
还我钱,0
懒财网,1
易通贷,1
金佳,0
黄金佳,1
fxcm福汇,1
福汇,0
联璧金融,1
斐讯,1
北京银行,1
宝支付,0
开店宝,0
开店宝支付服务有限公司,0
????宜湃网,1
华夏信财,1
钱宝网,1
钱宝,1
红岭创投,1
红岭控股,1
qos,1
币圈,0
鼎治泰达,1
圣盈信,1
信雅达,0
新国都,0
拉卡拉,1
美项目,0
eos,1
招财猫理财,0
消费金融,0
玖富,1
赛伯乐绿科,1
德威公司,1
新余铭沃,1
乐投资,0
赛伯乐投资,1
bc,0
fbc,0
fbc区块链期货,1
区块链期货,0
fbc区块链,1
电网贷,0
中恒通公司,1
中恒通(福建)机械制造有限公司,0
对中恒通(福建)机械制造有限公司,1
利得,0
利得行,1
联金所,1
东方银座,1
网贷天眼,0
石头理财,1
国付,0
国付宝,1
水滴筹,1
水滴互助,1
中宝投资,1
资金链,0
美债所,0
上海应文投资管理有限公司,1
应文投资,1
上金所,0
山东招金投资股份有限公司,0
米房无忧借条,0
合众e贷,1
够力金融,0
海佛金融,1
冠群驰骋,1
冠e通,1
海象理财,1
牛牛bank,0
中国银联,0
多点金服,1
上海网格金服,1
网格金服,0
青蓝金福,1
杭州金碗网络科技有限公司,1
青蓝金服,1
杭州友米金融服务外包有限公司,1
金碗理财,1
唐小僧,1
上海联璧电子科技（集团）有限公司,1
联币钱包,1
摩根大通,0
中国平安,1
中国电信,0
超短融兑付,0
泽星投资,0
苏宁支付,0
全球购,0
苏宁,0
北京正聚源通鼎公司,1
京东金融,1
大宗商品交易,0
安信卓越公司,1
安信卓越,0
邮储银行江苏省分行,0
保险贷,0
农业保险贷,0
云币网,1
云币,0
Cadence,0
新韩银行,0
Shinhan Financial Investment,0
Directional,0
三一重工,0
五粮液 融资融券,0
中国太保 富时罗素概念,0
中国太保 沪股通,0
京东方A,0
中国人寿,0
五粮液,1
中国人寿 银行,0
新华保险,0
工商银行,0
中国太保,0
newdex,1
存钱罐,1
芝麻信用,0
永利宝,1
向上金服,0
深圳市钱爸爸电子商务有限公司,1
钱爸爸,1
京东,1
白条,0
京东商城,0
农商银行,0
信e贷,0
优财网,0
泛亚有色金属交易所,1
贵金属,0
云南天浩稀贵金属股份有限公司,1
昆明泛亚有色金属交易所股份有限公司,1
昆明泛亚有色,1
广西隆盈营销策划有限公司,1
隆盈天下,1
盈天下,0
云联惠,1
广西臻怀投资发展有限公司,1
广西南宁南振益网络科技有限公司,1
坚固环球,1
银票网,1
佑米金融,1
金评媒,0
钱先生,0
快e贷,0
徽商银行,0
深圳市高新,0
市高新投,0
小额贷款有限公司,0
深圳市高新投小额贷款有限公司,0
高新投,0
中国支付通,0
????信和大金融,1
信和大金融,1
理财通,1
网易星球,1
网易,0
五洋建设,1
中证网,0
P2P理财,0
蜂融网,1
贷款中心,0
个人贷款,0
个人贷款中心,0
成都易捷金融,1
????摩尔龙,1
支付宝,0
Libra,0
微信,0
网利宝,1
????网利宝,1
消费信贷,0
三农金服,0
金融服务,0
合金融,0
农金,0
高唐农商银行,0
搜易贷,0
靠谱,0
金贝猫,1
金贝,0
paypa,0
亚马逊,0
货通天下,0
全和悦,0
银谷在线,0
华赢贷,0
东方金钰,0
和信贷,1
和信,0
京东方,0
中信证券,0
米缸金融,1
安心保险,0
新金融,0
比捷科技,1
上海文化产权交易所,1
OKCOIN,0
火币网,1
火币,0
比特币,1
钱包金融,1
信融财富,1
禧龙来,1
云端金融,0
杭州云端金融信息服务有限公司,1
拉卡拉支付股份有限公司,0
汇聚财富,1
聚财富,0
汇聚财,0
mt4,1
悬崖勒马,0
金牛座,0
北京正聚源通鼎信用管理有限公司,1
现金贷,1
有脉金控,1
网络贷,0
蚂蚁金服,0
象理财,1
顺丰,0
云惠富,1
期市盈家,0
易捷金融,1
首家,0
康爱公社,0
酷盈网,1
众邦银行,1
甜菜金融,1
天丰天财（武汉）金融信息服务有限公司,1
北京资易贷金融信息服务有限公司,1
金融官网,0
小宝金融,1
酷旺科,1
蝙蝠集团,1
国轮财富,1
车贷贷,1
花生投,1
ECLIPX,1
????中金汇通,1
金汇通,0
中金汇通,1
钱保姆,1
普惠财富,0
普惠财富投资管理有限公司,0
资易贷（北京）信息金融服务有限公司,1
轻扫商户宝,0
福建滚雪球,0
同犇投资,0
摩尔龙公司,1
成都易捷公司,1
,0
易借贷,0
好易借贷款,0
好易借,1
易借贷款,0
借贷款,0
贷超,0
中弘,1
仟金所,1
ic,0
融金所,1
招商银行,1
北向资金,0
上海中赢金融信息服务有限公司,1
上海玺鉴金融信息服务有限公司,1
中赢金融,0
柚理财,0
京圆柚理财,1
青岛开心贷,0
开心贷,1
青岛开心贷投资管理有限公司,1
资易贷(北京)金融信息服务有限公司,1
东方融资网,1
融资网,0
青岛东方融资网,1
kci,0
区块链项目,0
美团外卖,1
平安普惠,1
i贷,1
金盛二元期权,0
期权,0
二元期权,0
美国国际信托投资公司,0
香港佳合集团公司,0
中国华融资产管理公司,0
中国华融,0
香港东方娱乐控股公司,0
中国华融资产,0
鼎金国际,1
昆明泛亚有色金属交易所,1
我的钱包,0
钱包,0
好享贷,1
长城资管,1
聚财猫,1
浙商,0
浙商e贷,1
众托帮,0
望洲财富,1
望洲财富投资管理有限公司,1
苏宁金融,1
钱盒子,1
360金融,1
百度新闻,0
联壁金融,1
雅堂金融,1
普惠家,0
魔幻农庄,1
借钱,0
发隆金融,0
愚人贷,0
中国软银,1
??摩尔龙,1
懒财主,1
如山汇金,1
江南化工,1
阳光金服,0
盈聚宝,1
天盛财富,1
华扶金贷,1
刚泰集团,1
招商贷,1
(北京)资易贷金融信息服务有限公司,1
人人贷借款,0
宜人贷,1
同花顺,0
悟空理财,1
速贷宝,1
融360,1
新升贷,0
石头理财平台,0
云回通宝,1
头条,0
fcoin,1
51有钱,1
泓樽付,0
东莞银行,0
米牛股票,0
潮金投资,0
金投资,0
荷包金融（深圳）,0
荷包金融,1
荷包金融（粤）,0
荷包金融app,0
月光宝盒,1
宝盒,0
华融信托,1
华融信,0
财联社,0
QQ钱包,0
京东钱包,0
百度钱包,0
贷款超市,0
快易借,1
机有米,1
信贷导航,1
天天花,1
小肥羊,1
北京资易贷,1
华润银行,1
零用贷,0
????宜贷网,1
玛瑙湾,0
炒币,0
资邦,1
网筹金融,0
中弘股份,1
深交所,0
泛亚有色金属交易所股份有限公司,1
天浩稀贵金属股份有限公司,1
陕西金辉投资管理有限公司,1
金辉投资,0
泰融理财,0
济南农商银行,0
无忧车贷,0
深圳投资理财公司,0
众信,0
华融众信,1
天津源丰财富生活网络信息服务有限公司,1
e周行,1
天津渤海创投集团,1
渤海创投,1
超爱财,0
海钜信达,1
地浓金融,1
成都易捷,1
能贷,0
360金融（北京）,0
放心贷,0
360借条,1
晋商银行,1
嘉石榴,0
淘淘金,0
贝格富,1
长红配资,1
金斧子,0
金斧子配资,0
braintree,0
bluesnap,0
adyen,0
payment,0
易贷网,1
低息贷款,0
银信金服,1
银象网,0
生菜金融,1
奔跑财经,0
venmo,0
????小资钱包,1
财迷,0
财迷之家,0
银谷普惠,1
江苏联宝订单信息科技发展有限公司,1
“富仁金融”平台,1
富仁金融,1
浙江富仁控股有限公司,1
铜掌柜,1
靓钱宝,1
宁波软银,0
中环国际,1
钜宝盆,0
海投金融,0
贷款产品,0
京东金条,0
融车贷,0
魔袋金融,1
时时彩,1
有财运,0
恒富金融,1
钱眼金融,1
上海小吉科技,0
企鹅科技,0
杭州热店场,0
中国人民银行,0
上海大骏投资管理有限公司,1
山东肯雅隆股权投资基金管理有限公司,1
微金融,0
普惠金融,0
小微金融,0
金融业,0
百信银行,1
澳瑞克,1
FX,0
金蛐蛐,1
bmfn博美,1
东方财富网,0
网博,0
东方财富,0
bmfn,0
万盈金融,1
百合贷,1
小米金融,1
钱旺,1
悦花悦有,1
汇联金融,1
玖融网,1
春天金融,1
利利金服,1
聚车金融,0
荷包,1
我家贷,1
可信贷,1
攀枝花商业银行,0
码支付,0
聚合支付,0
朱雀投资,0
贷你盈,1
鼎盛财富,1
红金宝,1
金岩控股,0
浙江金岩控股集团有限公司,0
浙江金岩控股集团有限公司黑龙江分公司,1
浙江金岩控股集团,0
钱宝系,1
新华网,0
魔袋金融信息服务（上海）有限公司,1
谷歌,0
陆金所,1
上海宜贷网,1
巨石强森,0
浙江新奇世界影视文化投资有限公司,1
普银币,1
河北一卡通电子支付服务有限公司,0
河北一卡通,0
小智理财,1
人众金服,1
华阳金融,1
小狗钱钱,1
中国外汇交易中心,0
外汇交易中心,0
中国外汇,0
新时代,0
新丝路,0
夸克金融,1
农发行,0
农发行信宜市支行,0
拉卡拉收钱宝盒,0
拉卡拉超级收款宝,0
拉卡拉支付,0
阳光易贷公司,0
阳光易贷,0
恒大出资处理有限公司,0
助贷,1
成都农商银行,1
中邮消费金融,0
智汇魔方,0
卡拉卡,0
江西裕民银行,0
中邮消费金融公司,0
尚亿财富,1
尚亿,0
平安财富宝,1
黄河金融,0
佰仟金融,1
超额宝,1
卡卡贷,1
维信卡卡贷,0
贷款客,0
全球贷,0
IP贷,0
百度有钱花,1
威锯危来科技,1
支付宝借呗,1
腾讯微粒贷,1
快贷网,0
全通继教,1
????深圳市加财猫互联网金融信息服务有限公司,1
商户通,0
钱盒商户通,1
帮你还,1
加财猫,0
深圳市微米金融服务有限公司,1
光彩玖玖,1
远达财富,1
京银计划,0
海银国际,1
红小宝,0
澳银资本,0
如意岛,1
玖富集团,1
玖富钱包,1
投客,0
爱定投,1
浙江小融网络科技股份有限公司,1
有融网,1
万盛国际,1
英皇金融国际,0
投资宝,1
大连冠群驰骋公司,1
复华,1
金鹅宝,1
宜信财富,0
投米RA,0
联安贷,0
天狮集团,1
资易贷(北京）金融信息有限公司,1
北银创投,1
奇子向钱,0
鼎信,0
北京中融鼎信投资管理有限公司,1
鼎信投资,1
中融鼎信,0
瑞典巨头银瑞达公司,0
证通股份,0
首信易支付,0
平安付壹钱包,0
腾讯金融,0
云集品,1
TP,0
和诚德在线,1
和诚德,1
广发银行股份有限公司,0
广东发展银行股份有限公司,0
广发银行,1
京东白条闪付,0
广东发展银行,0
广发信用卡,0
中银基金,0
兴业银行,0
美的集团,0
神州长城,0
银河天成集团,0
华夏信,0
英皇金融,0
深圳平安大华汇通财富管理有限公司,0
深圳平安汇通投资管理有限公司,0
平安基金管理有限公司,0
平安普惠上海普陀分公司,1
fomo3d,0
贷金所,0
贷财行,1
荧兴源,1
深圳荧兴源资产管理集团,1
????荧兴源,1
浙财理财,0
来投,0
云金融,0
景云金融,0
空中金融,0
富富金融,1
工商行政管理,0
易资贷,1
财政惠农信贷通,0
一点成圆,0
亿富资本,0
股米网,1
浙商银行,0
轻纺城,0
保险知识,0
众投网,1
飞阳易贷,1
蚂蚁金融,0
链得得,0
德棉矿业,1
来借款,0
国信证券股份有限公司,0
金溢科技,0
友信普惠,1
宜信普惠（陕）,0
宜信普惠,1
大钱,0
TechWeb,0
区块链系统,0
XPay,0
BOXPassport,0
汉众投资集团,0
汉麻投资集团,0
美瑞健康国际,0
钱秘书,1
浙里投,0
易七金融,1
河南易七,0
易七,0
大家筹,0
北京资易贷金融信息服务有限公司（简称小资钱包）,1
联动优势,1
东方银座集团,1
环能国际控股,1
cp,0
多享金汇,0
金庞金融信息服务有限公司,1
雅堂集团,1
信信贷,0
中和农信,0
信贷员,0
创客,0
创客金融,1
上海易贷网金融信息公司（宜贷网）,1
亿百润,1
汇盈天下,1
汇业国际公司,1
长沙汇盈天下,0
票据理财,0
京东小金库,0
今日头条放心借,0
招联金融,0
微博借钱,1
长安责任保险,0
网易理财,0
易通商联支付,1
狼友,1
老虎,1
展博投资,0
中国财险,0
口岸惠民贷,0
二连浩特农村合作银行,0
盛付通,0
上海盛付通电子支付服务有限公司,1
（北京)资易贷金融信息服务有限公司,1
光大银行,0
阳光e微贷,0
嘉银金融,0
深圳惠卡世纪有限公司,1
光大证券,0
北京资易贷金融信息服务有限公司（小资钱包）,1
众惠相助,0
信美,0
京东互保,0
加加云购,0
微交易是什么,0
加加云购微交易,0
微交易平台,0
华融国际信托有限责任公司,1
中新房东方有限公司,0
搜贷天下,1
贷天下,0
搜贷,0
区块链媒体,0
屏南县农业银行,0
红村镇银行,0
中国人寿屏南县支公司,0
中南邮票交易,1
中南邮票交易中心,1
智佳金服,1
安捷财富,1
VIP投资,0
奇乐融,0
在线支付,0
云闪付,0
悦花越有,1
易捷公司,1
蚂蚁双链科技(上海)有限公司,0
杭州蚂蚁未来科技有限公司,0
蚂蚁区块链科技(上海)有限公司,0
建湖农商银行,0
京东支付,0
钱端,1
车商贷,1
融商贷,1
平安大华汇通财富管理有限公司,0
蜀桑源,1
金管家,0
惠众金管家,0
惠众收银,0
玺鉴金融,1
爱钱进,1
中腾信,1
凡普金科,1
钱站,1
点理财,0
招行,1
票据宝,1
珠江村镇银行,0
众聚盈,1
银魅财富,1
蚂蚁借呗,0
全球金融,0
草根,1
广州基金,0
京东众筹,0
爱其科技ONEBOT,0
改革牛,0
草根金融,1
融金宝,0
(北京)资易贷金融信息服务有限公司简称小资钱包,1
金贝壳,0
igofx,1
退休贷,0
米族金融,0
友友贷,1
友贷,0
民生银行,0
融桥,0
金融桥,1
现代金控,1
现代金控河南分公司,1
健康猫,1
OracleFX,1
复华集团,1
中国人保,0
泊洋金融,1
米宝理财,1
日本金融公司SBI Holdings,0
卡塔尔投资局(Qatar Investment Authority),0
爱便利,0
香港全明星投资公司(all - star Investment),0
上海易贷网金融信息公司,1
北京资易贷公司（小资钱包平台）,1
北京正聚源公司,1
时代投资,0
北京信诚时代投资管理有限公司,1
微镑客,1
微金在线,1
众车在线,1
九鼎投资,1
九鼎基金管理公司,1
诺亚财富,1
米多财富,1
定增乐居财富,1
雄岸,1
姜美芬定增基金,1
九鼎财富,1
融宝,0
中融宝,0
????拍拍贷,1
惠民金融,0
中佳易购,1
凯特币,1
传销币,0
汇支付,0
中汇支付,1
钱袋宝太原分公司,1
钱袋宝,0
资易贷平台,1
富民贷,0
诸暨农商银行,0
起源财富,1
青岛牧桐公司,1
兴业证券,1
金龙控股集团,0
川融,1
派生科技集团有限公司,1
你我金融,0
速贷网,0
千城微金融,0
中融网金所,1
青岛金鼎信小额贷款股份有限公司,0
金鼎信小额贷款,0
淘宝,0
天猫,0
点赞,0
华视,0
大志集团,1
中国银行,0
益农贷,0
温都金服,0
小资钱包官网,0
钱端招行,1
钱海湾,1
钱海,0
溯源链,1
币云,0
K线,0
微交易怎么玩,0
ky蓝天国际,0
宜宾制药,1
山西华嘉盛房地产开发集团有限公司,0
华嘉盛房地产开发集团,1
嘉盛,0
whaleex,0
深圳市壹佰金融服务有限公司,1
易捷,1
华夏银行,0
建设银行,0
国信贷,0
氧气贷,0
宅e贷,0
金诚财富,1
和耕传承基金销售有限公司,1
和耕传承基金,0
有没有,0
苏商贷,1
毕投金服,1
好麦金融,1
多米,0
安创理财,1
你我贷,0
我贷,0
巨如集团,1
理财农场,0
汇金,0
名校贷,1
粤财信托,0
物美集团,1
中国诚通控股集团有限公司,0
泰康人寿,0
蝴蝶银,0
资易贷北京金融信息服务有限公司,1
益金服,0
祥益金服,1
寓锡金服,1
华泰金融,1
微贷网,0
微贷,0
汽车金融,0
贷网,0
车金融,0
网贷频道,0
风险管理,0
福金贷,0
创投链,0
LVI创投联盟,1
荣幸金服,1
钱吧,0
余额宝,0
及贷,0
中国恒天,0
经纬纺机,1
渤海创投集团,1
渤海智慧蜂巢众创空间,1
浙江昕昕资产管理有限公司,1
诺诺镑客,0
有理树,1
盈大财富,1
百度,1
夸客金融集团（香港）有限公司,1
暖薪贷,1
才米公社,1
上海夸客金融信息服务有限公司,1
夸客投资管理（上海）有限公司,1
夸克优富,1
海星二元期权,0
随行付支付有限广西分公司,1
随行付支付,0
随行付,1
承兑汇票,0
来存吧,1
银行承兑汇票,0
日日昌,0
易贷通,1
立业贷,1
合众国际(控股)有限公司,1
爱分期,1
中国太平,0
twitterceo,0
square,0
applepay,0
epay,0
上海汇聚财富,1
万顺国际有限公司,1
白条闪付,0
无忧借条,0
玖富叮当,1
玖富万卡,1
玖富悟空理财,1
微山财富,1
阿里巴巴,0
爱福家,1
营普金服,1
力投网,1
投资有道,0
厦门创宏利商务咨询有限公司,1
创宏利,1
优品,0
分利宝,1
名创优品,1
小诸葛金服,1
光大京东白条信用卡,0
沃时贷,1
时贷,0
鑫圆共享经济,1
共享经济,0
新乡贷,1
盛泰投资,1
盛泰,1
联合小资钱包,1
北京正聚源,1
跨境付,0
捷越联合,0
资易贷（北京）金融信息服务有限公司旗下,1
懒人投资,1
绿化贷,1
新易云,0
中承控股,1
银杏财富,1
永富宝全球支付,1
永富宝,0
安徽永通大宗商品交易有限公司,1
金融超市网,0
上交所,0
网交所,0
炒股,0
据融360,0
盛世通宝,0
通宝网,0
福建盛世通宝网络科技有限公司,1
中民投,0
康尼机电,1
民生投资,0
金鸿控股,0
惠理财,0
互惠理财,1
微积金,1
上海闵行微积金互联网金融服务(上海)有限公司,1
财富派,1
蜂硕金融,0
财富派（泸）,0
创富金融,1
创富国际,1
资易贷（北京）金融服务有限公司,1
宝宝钱包,1
人民联合金融,0
人民联合金融公司,0
苏宁易购,1
jjptr,1
fxword,0
外汇交易,0
口袋理财,0
众和乐购,1
华夏保险安徽分公司,0
微时贷,0
资钱包,1
okex,1
众筹之家,1
筹之家,0
齐鲁股权交易中心,0
多多理财,1
财多多,0
重庆惠民金融服务公司,1
招商证券,0
山东高速信联支付有限公司,0
安心,0
广金金服,0
安心贷,0
两只老虎,0
北京资易贷金融信息服务有限公司（简称小资钱包） ,1
洋钱罐,0
博邦商城,1
企商贷,1
源金所,1
合泽财富,1
恒富金融集团,0
深圳恒富金融集团有限公司,1
步森股份,1
中云公司,1
帅康电气,1
御家汇理财,1
好好理财,1
嗷呜宝,1
房融,0
房融界,1
融融,0
惠人贷,0
芝麻贷,1
薪付宝,0
前金所,1
中国人民保险集团,0
悦天使,1
微逛,0
安徽微逛电子商务有限公司,1
易分期,0
芝麻信用网贷,0
网商贷,0
安逸花,0
南宁(中国一东盟)交易所,1
南宁大宗商品交易场所,1
金交所,1
修正药业,1
海峡交易所,1
信航,0
牛犇犇,1
爱多银,1
逾期网,0
中投融信,1
中投融,0
北京复华旅游文化发展有限公司,1
北京恒银中嘉投资基金管理有限公司,1
复华文旅,1
万名投资,0
好现贷,0
深圳市你我金融信息服务有限公司,0
乡村贷,0
邮储银行,0
以太坊,1
MG,0
民生,0
好保险,0
上海泛鑫,1
鹏华基金,0
投融资,0
中业兴融,0
多好,0
冠群驰聘,1
互贷网,0
GAGFX金石外汇,1
金石外汇,0
AGFX,0
亚联财小额贷款,0
青岛市城阳区亚联财小额贷款有限公司,0
零钱通,0
微信支付,1
大大宝,0
714高炮,1
闪到,1
钱太太,1
简普科技,1
东方证券资产管理有限公司,0
东兴证券股份有限公司,0
正聚源,1
一起好,0
一起好金融信息服务股份有限公司,0
恒指期货,0
盈在线,0
盈在线上,1
民贷天下,1
寺库,0
现在金融,0
中国工商银行股份有限公司,0
华融汇通资产管理有限公司,0
中国工商银行股份有限公司四川省分行,0
中国信达资产管理股份有限公司,0
瑞华国银投资管理有限公司,0
微客谷,0
浦发银行,1
收钱吧,0
我要跑,0
合力宏远（汽配批发）,1
移动代理商话费归集UMF（4814）,1
资信财富（北京）投资基金管理有限公司,1
资信财富,0
浙江银加信息技术有限公司,1
易拍全球（北京）科贸有限公司,1
资信财富投资（集体）有限公司,1
保盈,0
盒子支付,0
益支付,0
松鼠金融,0
中交兴路,0
凯京科技,0
越秀金融,0
广州越秀金融控股集团股份有限公司,0
善林（上海）金融信息服务有限公司,1
得宝理财,1
杭州锐硕网络科技有限公司,1
深圳高新投,0
市中小担,0
深圳高新,0
深圳市中小担小额贷款有限公司,0
民间资本,0
法国兴业银行,1
金融买卖,0
贷帮网,1
贷帮,0
前海租赁,1
网络小额贷款,0
万达金融,0
广州万达普惠网络小额贷款有限公司,0
由万达金融集团,0
万达普惠,0
广州万达普惠,0
金融集,0
长生生物,1
中弘股份金洲慈航,0
金龙机电,0
香港黑格尔资本,1
国海证券,0
小贷,0
众金所,1
深圳招行,1
忆融速配,1
银联惠金融,1
联璧,1
中信信托,0
中国中信有限公司,0
金蝶软件（中国）有限公司,0
中信消金,0
中信消费金融有限公司,0
小灰熊,1
借贷信息,0
365金融,0
富民投资网,1
呱呱贷,0
顶呱呱贷款,1
巴菲特,0
????E租宝,1
鲸鱼宝,1
E融易贷,0
融易贷,1
金城集团,1
平安集团,0
养老山庄,1
小鸣单车,1
共享单车,0
香港保险,0
众贷,0
联众贷,1
星投资,0
火星投资,1
川惠财富,1
惠财富,0
秒钱,0
秒钱（北京）信息服务有限公司,1
优灵宝,1
今日链闻,0
新鲜说,1
e投,0
融租e投,1
兴泰创富,1
泰安市兴泰创富企业管理咨询有限公司,1
财富管理企业宜信,0
杭州二维火科技有限公司,0
云钱袋,0
众银理财,1
众储理财,1
花木金融,1
云钱贷,1
极路由,1
北京资易贷公司,1
钱牛,0
钱牛牛,1
夸客金融,1
ACN平台,1
懒财,1
资产评估,0
天寅公司,1
金石投资,0
格上理财信托,0
格上理财,0
可以借,0
盛世汇海,0
北京盛世汇海投资管理有限公司,1
商业保理,0
嘉e贷,0
上海华润银行,1
富滇银行,1
恒昌汇财,1
纳觅财务,1
口货网,0
易捷金融联合诈骗集团,1
融道网,0
上海融道网金融信息服务有限公司,1
国元证券,0
资易贷(小资钱包）,1
松心惠,1
人人公益,1
银河证券,0
trust,0
友众信业,1
有单,0
恒凌投资,1
众车,0
米房,0
借贷宝,0
普惠理财,1
厚朴金控,1
阳光财富1,0
阳光集团,0
阳光财富,0
南京石化商品合约交易中心,1
君安湘合,1
京东掌柜宝,0
富通国际,1
猴子理财,1
人文贷,1
派派金,1
中哲环球互联网金融服务（深圳）有限公司,1
岛屿财富,1
中哲环球派派金,0
金陵贷,1
轻松易贷,1
恒利网,1
山东瑞源股权投资基金有限公司,1
u宝uss即刻债,1
暴风集团,1
安徽钰诚集团,1
金易融,0
金易融(北京)网络科技有限公司,1
学购,0
卡还,0
天弘基金管理有限公司,0
上海挖财金融信息服务有限公司,0
财经网,0
kci区块链项目,1
小葱,0
上海卓妍投资管理有限公司,1
金球所,1
大华银行,0
浦银安盛基金,0
投资乐,0
乐城投资,1
永生投资,1
联丰投资,1
鼎信贷,1
yes金融,1
中普金服集团,0
广发财富,0
国金宝,1
小优严选,0
中国建设银行,0
中国工商银行,0
潘亿金融,1
冠亿金融,1
诺诚健华,0
上海建信资本,0
三正健康,0
维梧资本,0
正心谷创新资本（LVC）,0
益普资本,0
大众汽车(中国)投资有限公司,0
安徽江淮汽车集团股份有限公司,0
中新经纬,0
广州海印互联网小额贷款有限公司,1
易借款,0
北京金易融网络科技有限公司,1
金融工场,1
摩根大通证券,0
野村东方国际证券,0
瑞银证券,0
摩根大通证券(中国),0
金服百家,0
ptfx,0
海汇,1
万兴国际,1
鼠贷金融,1
江苏皇缘商贸有限公司,1
皇缘商贸,0
彩云金融,1
中云动力,1
云动,0
????招行,1
小企业e家,0
网金,1
环球捕手,0
艺条龙金融,0
盈+互联网金融,0
?小鸣单车,1
联动云,1
观致,1
宝能,1
金联储,0
银湖网,0
鼎诚创投,0
财富中国,0
新大陆,0
比特儿,0
ETH,0
李诗琴,1
小微信贷,0
魔房宝,1
魔方金服,1
????小资平台,1
PP基金,1
热贷网,1
来财街,1
森仙堡,1
白杉资本,1
金融博士,1
超人贷,0
58money,1
拉卡拉金融,1
天津滨海农商银行,0
爱投资（粤）,0
爱投资,1
友利,0
融汇,0
金融汇,0
懒投资,1
jetlore,0
惠农时贷,1
苏宁金融风控,0
人人理财,1
人人理,0
鑫车贷,0
易鑫车贷,1
资易贷金融信息有限公司,1
深圳普银区块链集团有限公司,1
车赚,0
车赚P2P,0
金牛座众筹,1
万丰国际,1
江苏银行,0
快易贷,0
盈金所,0
包商银行,1
连连科技,0
诚信金融,0
中信银行,0
天猫信用购车,0
京东白条信用购车,0
金e融,0
杭州优杨投资管理有限公司,1
极光金融,0
铜板街,0
小赢网金,0
首席,0
北京东方财蕴金融信息服务有限公司,1
京都贷,0
igofx平台,1
万家,1
财知道,0
360分期,0
支付宝笔笔攒,0
江西银行,0
民间贷,0
联宝公司,1
365储蓄家官网,1
沪深理财,0
泊洋理财,1
微龙网,1
浙江金盾消防器材有限公司,1
浙江金盾,0
老百姓,0
蚂蚁理财,1
蚂蚁聚宝,1
济南帅歌家居购物广场有限公司,1
帅歌家居,1
山东标金,1
标金,0
iac,1
瑞波联储,1
瑞波,0
空气币,0
上海银行,1
合肥安易贷投资管理有限公司,1
融和贷,1
深圳市美信资产管理公司,1
深圳市美信,0
美信资产,1
太平洋保险,1
杭州钜泽投资管理有限公司,1
华发,1
骏合金融,0
上海骏合金融信息服务有限公司,0
银担惠农信贷通,0
再就业小额贷款,0
税贷通,0
高搜易合肥财富中心,0
小微易贷,0
中融民信,1
网贷1号,0
房金网,0
嘀手机,0
嘀卡,0
深圳市票据宝金融服务有限公司,1
华鑫信托,0
华融金融,0
华融金融小镇,0
vpay钱包,0
vpay,0
马上贷,0
贷款通,0
地标金融,0
安徽合肥大志集团,1
深圳福田合时代金融,1
合时代金融,0
赢基财富,0
芒果金融,0
资邦（上海）投资控股有限公司,1
中国移动,0
中原银行股份有限公司,0
中原银行,0
上海陆金所基金销售有限公司,0
鼎盛盈通,1
多米金融,1
太易资本,1
易资本,0
龙虎榜,0
辉煌,0
恒昌,1
重庆恒昌贷款公司,1
联想,0
天使贷,0
美尔雅,0
武汉深捷科技股份有限公司,0
中银,0
中银保险,0
中银保险有限公司天津分公司,1
阳光保险,1
来理财,0
大华,1
浦发,0
androidpay,0
融合天下,1
随借,0
阿里巴巴集团,0
滴水贷,0
随借随还,0
金道,0
金道国际,1
安徽钰诚控股集团,1
中信泰富,1
富外汇,0
和平影视集团,0
光谷惠众理,0
光谷惠众,0
小微信贷通,0
创业信贷通,0
小花钱包,0
溢源国际,1
新湘小贷,1
汇信,0
btworld,1
上海易贷网金融信息服务有限公司,1
51信用卡,0
北京信汇盈投资有限公司,0
?北京信汇盈投资有限公司,0
诺亚,0
优选,0
新华大庆产权交易所,0
福州中闽荣耀投资咨询有限公司,1
北京市易酒批电子商务有限公司,1
????资易贷(北京)金融信息服务有限公司,1
深圳前海大福,1
友诚信财富,1
海隆投资,1
Ripple,0
汇投资,0
外汇投资交易,0
株洲移动公司,1
百姓投,0
三三易通宝,1
陨石地带,1
易贷网金融信息服务有限公司,1
实质汇,1
星银财富通,1
信而富,0
绿能宝,0
润阳贷,0
怡达理财,0
田金所,0
点益金,0
惠投资,0
盛金宝,0
汇普金融,0
君融贷,0
总财贷,0
新沃金融,0
巨惠投资,0
360金融集团,1
fxbtg,0
上海九韬资产管理公司,1
大旗fxbtg,1
微融资,0
钱宝贝,1
中金投资（集团）有限公司,0
中金集团,0
华泰证券,0
汉口银行,0
江苏联宝公司,1
现货平台,0
青岛齐鲁商品中心有限公司,1
齐鲁商品,0
江苏省农商行,0
长江联合金融租赁有限公司,0
蚂蚁投资,0
商米科技,0
小米,1
中国农业银行,0
牛牛风控,0
钱牛牛风控团队,0
大时贷,1
信托100,1
买信托,0
凑份子,0
PT,0
寰玥财富,0
上海盛付通电子支付服务有限公司大连分公司,0
华金融,0
中国对外经济贸易信托有限公司,1
泛华金融,1
上海挖财基金销售有限公司,0
华安基金管理有限公司,0
北京君德汇富基金销售有限公司,0
义隆金融,1
ANF,0
腾讯,0
八达通,0
（北京）资易贷信息服务有限公司,1
杭州满溢网络科技有限公司,0
付呗,0
京北投资,1
合星财富,0
上海合星财富,0
凯路仕,1
360金融（京）,0
蚂蚁微贷,1
度小满金融,1
滴滴金融,0
微交易赚钱网,0
赚钱网,0
砍柴网,0
胜球国际,0
玖富数科集团,0
印象,0
以德,1
比特矿山,1
三三易通公司,1
三三集团,1
盖网,1
蚂蚁（杭州）基金销售有限公司,0
广发基金管理有限公司,0
广发天天利货币市场基金E类,0
广发天天利E,0
浙江网商银行股份有限公司,0
赛伯乐投资集团,0
微店,0
金三角,0
黄河金三角,0
陕西黄河金三角大宗商品交易中心,1
e路商城,1
深圳钱爸爸,1
易捷金融公司,1
海南如意岛,1
山东陆桥检测技术股份有限公司,0
日照海世达钢构股份有限公司,0
杭州君享金融,1
浙江光大发展总公司,1
亿好金服,1
君享金融,0
中国光大集团,1
广发金融交易(英国)有限公司,0
广发期货（香港）有限公司,0
广发证券股份有限公司,0
GF Financial Markets(UK) Limited,0
融云,0
创业邦,0
太平洋证券,1
天天基金,0
中汇电子支付,0
中汇电子支付有限公司江西分公司,1
小微时贷,1
老母鸡,0
ok贷,1
k贷,0
国投信达集团,0
国投信达,0
京贷金服,1
马上消费金融,0
微众银行,0
港科大,0
聪明理财,1
光汇云油,0
????中国人民银行,0
龙江银行,0
易商通,1
厦门银行,0
平安大华财富宝,0
平安大华基金管理有限公司,0
厦门银行股份有限公司,0
浙江赛伯乐投资有限公司,0
优维,0
优维国际,1
大额标,0
小行家金服,1
弘泰集团,1
予财缘,1
金点金服,1
金黄金,1
泛亚有色,1
金条,0
百度金融,1
京农贷,0
苏宁任性付,0
????易贷网,1
惠财,0
中泰国际,0
中泰证券,0
风控花呗,0
复华控股,1
民生银行信用卡,0
信用卡中心,0
中普金服,1
北京华澳融信,0
北京华澳融信余盆网,1
金牌理财,1
抓财,0
平安理财网,1
东方头条,0
东方图秀,1
财富云,0
盈泰财富,1
先锋支付,0
链金所,1
工银金融租赁,0
工银金融,0
天津滨海泰达航母旅游集团股份有限公司,1
工银金融租赁有限公司,1
智融财富,1
欣泰电气,1
弘坤资产管理(上海)有限公司,1
城乡小康,1
北京航天云路有限公司,0
航天云网公司,0
云路公司,0
中民投资产管理有限公司,1
中国民生投资股份有限公司,1
中民投资,0
赛伯乐,0
北京赛伯乐投资集团有限公司,0
信和上融汇集科技（北京）,1
信和财产,1
金融摄影家,0
百威英博,0
网,1
米袋理财,0
米袋,1
米袋360,1
家居网,0
????万盈金融,1
华夏人寿,0
中天城投（贵州）普惠金融服务有限公司,1
天金融集团股份有限公司,1
有用分期,1
南京胜沃投资管理有限公司芜湖分公司,1
上海厚冠信息咨询有限公司芜湖分公司,1
绩溪上河颐养产业投资管理有限公司芜湖分公司,1
安徽岳西老来乐养老中心,1
华夏信财信息咨询（上海）有限公司芜湖分公司,1
安徽良门孝道养老服务有限公司芜湖分公司,1
网润金服电子商务有限公司芜湖分公司,1
升升投,0
正合普惠（深圳正合普惠金融服务有限公司）,1
平安普惠投资咨询有限公司芜湖分公司,1
幸福澜海养老产业发展有限公司芜湖分公司,1
锐拓（杭州）互联网金融信息服务有限公司芜湖分公司,1
镜湖区春百日用百货店,1
青岛海捷新能源汽车服务有限公司芜湖分公司,1
升升投（中发展信（北京）投资管理有限公司）,1
银谷普惠信息咨询（北京）有限公司芜湖分公司,1
美利金融的品牌暨全资子公司,1
北京仁远融信资本管理有限公司芜湖分公司,1
网乐贷,0
金融界信托,0
壹键哥,1
龙炎电商,1
中信银行股份有限公司盐城分行,0
金融惠企,0
中信银行股份有限公司,0
聚财猫理财,0
裕乾,1
天添薪,1
网贷之家,0
众银,0
众银家,0
宜贷网（上海易贷网）,1
汇付信息,0
上海厚行金融信息服务有限公司,1
厚行金融,0
里外贷,1
斐评,1
国投信托,0
国投财富,0
士多,0
银坊金融,1
攒多多,1
风车理财,1
兰州银行,0
浙商银行兰州分行,0
兰州银行股份有限公司,0
合众e贷财富,1
神舟好易贷,1
好易贷,0
好e贷,0
京东商城白条,0
小微金服,1
融361,1
融牛在线,1
乐信,0
小企业E家,0
人人聚财,0
惠金贷,0
黄金期货,0
中山农行,0
北京复华,1
上海勃奈电子有限公司,1
资邦金服全资子公司资邦元达（上海）互联网金融信息服务有限公司,1
上海通木投资有限公司,1
资邦金服网络科技集团有限公司,1
上海映碧投资有限公司（已注销）,1
每日财经,0
银河源汇投资有限公司,0
中国银河证券,0
金农信e贷,0
青岛国际有色金属市场,1
汇丰贵金属交易市场,0
浙江兰溪汇丰贵金属交易市场,1
新华大宗,0
浙江新华大宗,1
ppmoney网贷,0
上海花木金融,1
甘肃股权交易中心,1
1号店,0
民间金融,0
陆金服,0
懒财网贷,0
微博,1
领投客,1
信和上融网络科技（北京）有限公司,1
仁智股份,1
西藏瀚澧,1
先后投资,0
华夏保险,0
小资平台理财,1
????恒丰银行,1
微交易2,0
云财富,1
农机1688网,0
伊利股份,0
贵州国际,0
杭州乔司商城和桐乡世贸中心项目,0
乔司商城,1
龙网,0
米咖网,0
迈博国际,0
瑞财,0
汇瑞财富,1
零钱计划,1
上海迅恒投资咨询有限公司,1
河马在线,1
深圳前海宜宝金融服务有限公司,1
宜宝,0
科技金融,0
得路,0
可以分期,0
钱海湾金融,1
向外,0
普顿,0
ptfx普顿外汇,1
金圆集团,0
国美,1
中国信托银行,0
国美控股,0
管金贷,1
盈家生活,0
网行金融,1
重庆聚才道企业管理咨询管理集团公司,1
聚才道,0
宜拜,1
宜小钱,1
乐金所,0
安徽乐金所,1
一点通,0
一点通财富,0
会分期,1
块钱,0
商城,0
麦点商城,0
佳兆业,0
深圳证券交易所,0
华宇,0
项目资金,0
华融互联网金融,0
玉溪平台,1
优易网,1
上海夸客金融（才米公社）,1
出钱宝,0
北京易商通科技股份有限公司,0
易商通科技,0
京易商通科技股份有限公司,1
巨牛财富,0
深圳巨牛,0
深圳巨牛财富,1
酷宝,0
汇付天下,0
中国银联商务,0
财付通,0
友刷,0
掌富通,0
广发天天利,0
e投资,0
货币e投资,0
嗨闪付,0
益投资,0
信合财富,1
火牛视频,1
启明星辰,0
启明星,0
国信中融投资控股深圳有限公司,0
国信中融,0
成都易捷金融外包公司,1
上海宜贷网互联网金融借贷公司,1
二元期权之家,0
期权之家,0
信网贷,0
加密猫,0
一飞冲天,0
宜信小额贷款公司,1
长和,0
汇鑫小额贷款,0
汇鑫小额贷款股份有限公司,0
京东网银+,0
京东支付+,0
亿邦动力,0
鑫荣咖,1
上海步荣资产管理有限公司,1
金诚财富理财,1
财富理财,0
金海贷,1
海贷,0
中农普惠金服,0
麻袋财富,1
薪信贷,0
福中集团,0
南京若尔通用航空发展集团,0
江苏吉信甘油科技有限公司,1
洋潮国际,1
大同行,0
律邦融安,1
优分期,0
懒财宝,0
药业贷,1
卖货郎,1
浙金网,0
2345贷款王,0
贷款王,0
平安银行股份有限公司,0
银华多利宝,0
红岭创投电子商务股份有限公司,1
浙江浙商证券资产管理有限公司,0
浙江浙商资管基金,0
ofo,1
首信创投,1
E都市钱包,0
宝盛,0
宝盛微交易,0
WEY,0
洋钱罐CMO,0
财金投资集团,0
江苏射阳农商银行,0
阳光信贷,0
娱乐链,1
爱达财富,1
重庆市南岸区,0
上海平安普惠小额贷款公司,1
映贝金服,1
和云筹,1
廊坊银行,0
富国收益宝,0
富国基金管理有限公司,0
海通证券股份有限公司,0
wfeex,1
北京罗麦科技有限公司,1
罗麦科技,0
深圳信融,1
钜派,1
双雄,0
新联,1
唐氏,1
金融帝国,0
新华保险吕梁中心支公司,0
大商所,0
铁矿石期货,0
中资城投,1
金刚金服,1
股民钱包,0
泰达航母,0
复华控股集团,1
e都市钱包,0
金融理财,0
蒲公英互助,0
上海市联璧电子科技有限公司,1
人行肇庆中心支行,0
农发行肇庆分行,0
口贷网络服务股份有限公司,0
辽宁贷财行,1
深圳荧兴源公司,1
码头益,0
码头,0
大额贷,0
随手记,0
大额贷款,0
随手记理财,0
玖玖金融,1
中汇电子,1
bfc,0
稳盈宝,0
武汉市江夏区铁投小额贷款有限责任公司,0
小额贷款有限责任公司,0
温易贷,1
海尔,1
顺丰贷,1
美团,1
滴滴,1
鑫融财富,1
 资易贷(小资钱包）,1
北京亚太投资平台,1
亚太投资,1
亚太,0
北京懒猫金融信息服务有限公司,0
懒猫金服,0
平安大华,0
Ｅ镑客,0
诺诺镑客名校贷,1
阳光贷,1
艾富国际,0
网易捷金融,1
币安,1
iac蚁群,0
杉易贷,0
海盛付通电子支付服务有限公司,0
青岛城乡建设小额贷款有限公司,0
火理财,1
绍兴华易投资有限公司,0
华易,0
普伴,0
爱晚系,1
德家,0
还乐,0
普银,1
上海淇毓信息科技有限公司,1
周转金,0
助贷周转金,0
财园信贷通,0
上海临港,0
恒瑞医药,0
海螺水泥,0
长江电力,0
北京奇步天下科技有限公司,1
念念,0
零时口袋,1
信鸽钱包,1
幸运草,1
喵贷,0
复星宝,1
小米袋子,1
金婵钱包,1
宇宙白卡,1
喵喵贷,1
掌上应急 ?????,1
金葫芦,1
外汇保证金交易,0
北京易商通公司,1
涛昂金融,1
华夏信财公司,1
拆分盘,0
wad,0
wad拆分盘,0
金交在线,1
鑫茂荣信财富,1
证大财富,1
证大金服,1
紫金普惠,1
富达国际,0
轻松筹,0
中银消费金融,1
新湖财富,0
钱塘小额贷款股份有限公司,0
钱塘小额贷款,0
美团点评,0
金穗扶贫惠农贷,0
惠农贷,0
山东鸿盛厨业集团有限公司,0
聚金资本,0
中汉国际商业保理（深圳）有限公司,0
中保国际,0
由paypal,0
ppro,0
皇家名典集团,1
中微国际,0
玩过金融,1
京贷网,1
万国资本,0
小资银行,1
海南如意岛公司,0
中弘控股,0
兜底方复,1
360金融平台,0
凤凰金融,0
凤凰卫视凤凰金融,0
小额贷款网,0
银通投资,0
e人一铺,0
绍兴中支,0
浙江理财网,0
izettle,0
稀万,0
ACY稀万,1
嘉实基金管理有限公司,0
粒子财富,0
图腾贷,0
宝点网,1
众可贷,0
香港恒丰环球集团,1
高榕资本,1
金城银行,1
广州市强飞实业有限公司,1
前海财富,0
海洋财富,0
前海财富海洋财富管理有限公司,1
湖州中亿恒信投资咨询有限公司,1
湖商贷,1
恒信投资,0
公信贷,0
小九金服,1
元宝365,0
天下支付,0
今易汇,1
九派天下支付有限公司,1
有币圈,0
金钥匙·安心快线·时时付,0
农业银行,0
农行,0
社会影响力,0
誉东方投资管理公司,1
东方投,0
誉东方投资管理,0
华澳,0
合肥市国正小额贷款有限公司,0
国正小额贷款,0
招联好期待,0
荣鼎百货,0
网商银行,0
麦子金服,1
艾慕杰信息技术有限公司,1
????资易贷,1
银盈通,0
银盈通支付,0
银盈通支付有限公司,1
宁波银行,0
比特币行情,0
交通银行股份有限公司,0
金融微交易,0
光彩云金融,0
融微交易,0
久久理财,0
太平久久理财,0
新疆火炬公告,0
北京银行西单支行,1
一汽集团,0
康得投资集团有限公司,1
*ST康得,0
君安湘,0
中国光大银行,0
日照高新区东汇小额贷款有限公司,0
凯富,0
光彩币,1
福币,1
梦创上海,0
青年创业英才开发计划,0
创青春,0
南京银行,0
你好e贷,0
上海宜贷网金融信息公司,1
投哪网,0
积木盒子,0
点牛金融,0
涌泉金服,0
招财猫,1
北京易商通科技有限公司,1
和财富,0
shinkoo,1
闪酷,1
百度有钱花 ,0
理财屋,0
兴业银行直销银行,0
智度科技股份有限公司,1
智度集团有限公司,1
中国信贷,1
百川币,1
快易,0
易贷,0
链头条,0
上海汇聚投资有限公司,1
众赢吉达,0
金华银行,0
税信e贷,0
中汇电子支付有限公司重庆分公司,1
e赁宝,1
校园贷款,1
银生宝,0
上海银生宝电子支付服务有限公司,0
鼎治泰达财富（北京）金融服务外包有限公司,1
雅堂电商,0
支付通,0
旌逸集团,1
tp,0
灵芝快贷,0
支付宝花呗,0
云信创富,1
国资企业天津渤海创投集团,1
广州金控,0
广州金控小额贷款有限公司,1
科技控,0
联合贷,1
招商银行西安分行,0
投客网,0
华泰证券(上海）资产管理有限公司,0
海象理财公司,1
光大银行南京分行,0
中国人民银行南京分行,0
奇虎360,0
乐付,1
大学生贷款,0
贷款网,0
大学生贷,0
学生贷,0
贷分期,0
分期借款,0
贷款分期,0
信用卡贷,0
绿韵全域,1
北斗世连,1
中国藏粮网,1
东夷国际,1
百创Bcp,1
道明,0
互金公社,0
京东财富,0
龙行天下,0
网借,0
东英,0
阳光黔贷,1
有信,0
紫金信托,0
宝付,0
一带一路,0
和中,0
全民理财,0
驿公里,0
万达电影,0
星美影城,1
星巴克,0
屈臣氏,0
杭州英海互联网科技有限公司,1
杭州英海互联网科技有限公司（银海金服）,1
上海银砖金融信息服务有限公司,1
银海金服,0
北京四红生物科技有限公司,0
国阳财富,1
新美大,1
购支付,0
wg,0
wg微交易,0
考拉信用,0
考拉云商,0
融达成,0
永辉金融,1
拉卡拉POS机,0
黄金钱包,0
江苏才标信息科技有限公司,0
厦门市金顺烨商贸有限公司,1
胖毛在线,1
厦门虎贲科技有限公司,1
个优,0
消费贷,0
好管家,0
无忧借,0
金融街在线,0
京金联,1
汉能,0
东仕戴斯大酒店,1
我房贷,0
聚富蛙,1
中军国储,1
浙江同牛科技,1
同牛科技,0
一路财富,0
Visa,0
京东手机,0
小白卡,0
e周行网贷,1
渤海智慧蜂巢,1
莱商银行,0
 莱商银行,1
徐州贷,0
bri,0
东朗理财,1
小满金服,1
支付行业,0
生意社,0
担保贷,0
青岛农村商业银行股份有限公司,1
金理财,0
及时雨贷,0
雀尚枝头+7.1号,1
